Alex207,097fd0d4-9503-4251-a4f3-70b1f8debd15,3
Muthinor,0ad89128-2aa7-4427-83c8-d373b726c183,3
AlanGreyjoy,0d843230-8256-44d3-a15a-820a1dcf1b65,1
DarkNight5047,0e412863-d1e5-46b6-a546-854bf9a00c9a,3
Eric_HK,10df3971-f142-41d4-9f6b-97ddac32a413,6
Vittek,113bdbaf-e140-44f1-95ed-bac94b9e6cd1,1
SuperTestman,32c99475-b600-4977-be4f-cb11db7be31a,4
Aya1379,42d64aed-0a4e-434d-8a1d-136a872515a4,3
Asril,4636610a-adb1-4ad8-b2ed-a7bc986813a6,1
Zera_Fox,4b3304b9-27b4-41bb-8f08-a5eeb20fb3e0,4
Show_House,57159c5c-7287-4f5e-9281-05c42fe10196,3
OklaMokla,5967419e-195c-472a-a989-0baab11b18a0,1
SuperM4rio,5a4cceec-e179-4700-b062-4c7822c34d22,1
Zyinx,7f0c5b18-802b-416d-b75f-7ce0ea949d82,1
Keyle,bf60eea6-cba6-401e-9d03-dfb4d06e268d,5
Airos10,c01b8c5c-cb46-11e5-bfdf-f288d18111d2,3
xXLupoXx,d218aebc-b3b0-4898-be95-6ce6d625a3ef,4
iM_UAE,dd21d09c-e22d-45c6-ab71-dad46e3bba1a,1
wolfwork,dd6a3522-ac29-4ccd-82cc-29a93c8317be,3
Soutou_,ec1e65f2-fc7e-4395-8fd5-da0a55e25abf,6
Phreag,fd2e290f-9e98-40a5-ad85-2f2141b646dc,4
Exaltations,7975fc9d-4677-4eca-8bf5-ac5f5560151c,6
benstevens99,dcd87456-4ecc-4d9c-b51c-6a18cc6a598c,6
gunleader,987e65d4-0163-4278-827c-c4b19c442d9f,6
Smy_,b0e93c77-d902-438c-b345-117c4cac93a7,6
ThebigbangGame,0d3de61d-1fc4-49a2-acfc-43d87b3cb898,6
MathyqlxD,392c4eaa-84b8-4318-8345-6b34cb905ab5,6
Killthuzad,c9e7b44a-8cce-4713-8f25-f0577cc4447c,6
Nikoleptic,ff8d0733-bf4d-4439-ae01-1404613f6e58,6
Rainbow_Deluxe,a2113016-c215-4a18-9121-0135b466a177,6
Simply_Miner,9f574d7f-de34-428b-8dc6-56653f870c33,6
KrYo,ad4336cb-77d7-48a5-ad01-6cbb3dcbac02,6
Malachiel,c883f59d-6621-4243-b64b-3781d9fd9530,6
Trollfacespah,a6eb4dff-f6e8-4577-8105-b03bd6be07a5,6
RafaAro,aa5aa01c-5b34-4212-8b47-cf22e7f9f0a0,6
Mythalium,3c293947-9c23-4317-a6e0-4d5a3774adb4,6
cubeCookies,be9482bb-6bcd-4df3-9cf4-9f1fb61c5e93,6
TheDJCreeperYT,7bf5de54-d650-4149-a203-4c5549963d16,6
Shambugi,f81d73cb-a45d-4912-bf08-f6350e2ca2b0,6
LillMacRose,72299367-6ca9-4d8e-be13-7bae835d46e8,6
Jeannen,6f6767de-19d8-4a93-a1e3-9bbe78c9845d,6
JanekJeBuh,a2761641-2158-4f59-abfb-af0e8c97e098,6
Knifezz,e197dfc5-89f7-4735-90a4-523c5d08f26f,6
KiritoHellWolf98,fa6254bd-6af8-4329-ac1d-0b18fc3d278f,6
AppShot,6ff71d68-041d-4c1b-b5cc-eb9c2e1d540f,6
robert7_1999,4d1b8d0d-6c6f-4897-959d-2816107f75f0,6
cazum8,e7c70d06-7867-4e9f-b0a8-f60ebcbe7b71,6
Ricky89,ff9f0369-0148-4bd0-a1cf-c72db00b6422,6
crazyfabio,b15e5312-8afd-41b7-9b19-8deac7cc5a34,6
EBatuzay,ece8362f-fcd3-4bc5-996d-962e1949d14c,6
Onne_,5c57581d-b58d-49d9-a625-a8b783108210,6
Dragonfly,ac076c7a-9c96-40f9-bc44-c8a6a286bfa0,6
Shenlun,b380565a-0d8d-41f6-8541-daf4821b8e2d,6
kristi71111,f7723a00-d600-41c9-b907-5054b1ffb94b,6
InsaneProperties,3f7e5a36-218c-4ac1-a3b2-0e6fa829d9d1,6
Speyrow,3a0074af-eb64-4678-ba1e-1f7b1acb5839,6
EckoxSoldier,42cda2fc-b3be-4315-b897-8208d824fd57,6
carterchiang,c7f7e3de-f33a-48ae-a7c6-68f7102590e1,6
jude125,1abe6d95-b790-4d2f-af5e-9cf488d840ae,6
xinos567,952eec7f-7261-4b80-b006-ea972a093e99,6
iSiiLeX,c2d9ab34-f3a3-4915-a88b-30596cce33c9,6
Crissiya,cc529069-b131-4815-b08b-7b266be1fe43,6
beSmaIlchen_CHEN,6fa3cdaa-2eb3-42a0-a8f2-5371a514b047,6
teledong,97d4f803-eabc-439e-b260-cd73a8434646,6
Dardrek,46fd1eac-b481-443a-bb6c-4834257a07f1,6
Aivius,d12d3363-f430-4da9-bfe4-fe623bff6e0e,6
Pladios,a76d8666-010a-4531-a8d8-374250de5eec,6
Tarabyte19,984ad57b-68db-43ea-a8af-95d3d4e24edb,6
ReelSmack,d601422c-6f95-4d52-a4bc-55e22dc4702c,6
Somesite,8e4b069a-6a77-403b-b83c-34eef1ddde11,6
Sporgen,ea75dc92-d69d-43e4-a29c-d5bd75c4ee8b,6
KikiCro26,fc9bae53-7d08-4f06-881e-f9514a764462,6
ProDigler,c8d3e7f0-9bc0-4ac5-915d-ad89c0557abc,6
Sequacious,8de50ed7-046e-4b67-80cd-cef5d99e9533,6
Cleggy,63e146d2-2d2b-4d65-b243-a6568537a017,6
Ethernity4eveR,2b59cb6c-b92c-493f-9642-cad7e5f9cf83,6
Sprungente,2e8750a5-3012-42aa-94d5-1cc5e93ef86e,1
The__Machine,da88b749-18c9-4c43-a1c1-0e7205347104,6
Penple,b0b19b6e-def9-4d3b-a8b3-28319bc0d3cd,6
Drew_Scorpion,05e04d79-4047-4949-befa-c98f019bd4a9,6
rambeau,3cf9b867-2577-49d1-affb-7ba8196a0d39,6
erozabesu,91463f75-fb69-4745-ad9a-54921fb81dc6,6
TheSalt,480313c6-26ac-4dfd-b836-b32864efb49e,6
Cocokay,a0f098c5-b281-4bb4-826b-ca60bb9b1cd4,6
Brabant,0f7b00d1-132e-4068-80fb-a10646c09945,6
LeopardBlossom,e6dbbe3f-9d1a-48a8-9cf1-3b75fbd9da65,6
Floo,bb940619-22f8-406b-a7b6-29baffe250e6,6
MarkWatzl,aed46030-d615-4e6f-ab09-1c0c91436cd7,6
rodel77,658f236d-5ecc-49d4-b074-4161ebff9117,6
Funreal,30a64b4a-685c-4d58-a379-0f4d0dab6e75,6
PashDev,8458be26-061c-464c-8f83-6853180d5b99,6
FatherWh0,afa78eca-6b21-458b-a4e7-f5e5849b40b7,6
MHF_Rabbit,fbec11d4-80a7-4c1c-9de3-4136a16f1de0,6
Silver_GX,a6ccc6a3-16c9-428c-b1c5-e3bb63324c33,6
bibougonzo,80712954-6274-4f35-bf22-c6a81d167d87,6
Khran,981dc1d9-1f14-4f9e-b5e4-b3abd77a4d1b,6
kumm,2657bf40-1eba-41d1-826f-505f7d2a534d,6
GameusRox,0d1eebe5-778b-4941-8270-bff24ad8531f,6
meizme,e653a2c9-0225-4d50-8329-647095817631,6
KleinesGumi,fbaca59e-f3fe-4a96-be79-69accc83c198,6
Kali_72,3b6590f7-110a-458f-b110-dddf88fc38f3,6
hongst_admin,3527b59a-a48b-45d5-96e3-7be6b1a3505d,6
caffemocca,b531c5c9-e432-44ea-95b2-c336c71d08b6,6
ScuroK,f8e6a30e-8e4e-4e2e-8754-ee537d8bf406,6
xgamer405,7b76f940-8d3a-41c5-9a5d-29ca577a120c,6
DeeCaaD,be88c121-0f12-4f29-95f3-b92062d9ced4,6
hiltuneh,971b4d89-9d9b-448e-b6fd-4b02658d8596,6
horstalfred,b752f556-e460-4cd0-bc0f-18c2335dc06c,6
uUDieselUu,5313aca9-4d07-4517-ac12-55787c1269ad,6
wazoomie,84499644-ad72-454b-a19d-f28c28df382b,6
lizstrunk,390455d5-edcf-4fec-9baa-b5e4d5bb45e8,6
Selfish_Hedgehog,eb52cf1f-24e2-4ba7-9ebe-ced973cb5fd1,6
lapin_boy,97491c45-d9a8-4e4d-8805-e728c1c32b64,6
cangshujun,28452fc5-f65b-4d6e-b49e-1bd54fedd52e,6
Aberzhulan,9de113d2-539b-462a-9343-c3fdd18afe75,6
ImDolan,ffc245af-bed8-458f-b2af-f2d699f0aa3f,3
MikroAcse,766f7469-a30b-4cdb-918a-082b32af8d96,3
egeadam,0ebc1686-efe6-42c7-8b47-2f5b65553457,3
Yahweh,d83f08fa-1844-4458-b019-f64dcc1a8043,3
GaoGaoDinosaur,20a28926-8677-4d56-a29f-07a104b47ffc,3
NoctDrum,e8d4d31f-ed7d-4986-ae83-ff2ff784ff12,3
QelioX,6b8439c6-38f1-4808-935d-e48062b78344,3
Biskabos,5f022187-c754-41cd-b93b-9d0f749e4928,3
cimbraien,5a248f85-a80f-4718-beba-7a14a4b3164a,3
Nexusinox,8b0570c6-4de6-49a6-b75e-6d4c7f138308,3
Vilican,70733641-63a8-41b4-b843-0844f3e14201,3
ErkSterk,aabccba4-c868-454b-a2de-cb21e349de3e,3
FabioZumbi12,e171e373-5917-48c3-80f9-fd97053d8859,3
Xazin,8d33e3f8-27cf-42a0-9beb-abb4046a5b4a,3
Kuroyabumozu,3fa93bfa-b3b2-45e5-9113-6ef99b16a838,3
MrBrikster,a0396081-efa9-4da3-8b3d-a09e7c119396,3
Kisme,bb626256-b3a8-4164-8cc4-dc96b4d1118a,3
sandtechnology,adfeb2d1-c332-48ec-b091-ae4dca0b8178,3
TajnyCraft,e17c3150-ddca-4b41-9a5b-6ce39f014d16,3
Fulminius,422e911f-8bdf-4259-a0db-5753ad16f05a,3
DemonioJr,7479bd5c-8e75-4468-9c5c-805bc59c48a1,3
LegoCraftNW,749cacce-082a-4f98-97bc-29a7aa9c1f7e,3
Alfatossa,f66b0e48-edc8-4364-8300-5e2a82bb3b72,3
Sikatsu,657bf908-0c97-445f-89ed-26c371131cda,3
xxjinxedxx,186d4d87-a343-4c4d-90bf-e046308fc713,3
mankan000,7637c4cb-c6cc-45f4-8ef5-f48e0de265b6,3
pko,66ed1cdc-cffe-400b-aa23-56c092fe4c25,6
a_kozy_k,da4aeee9-2451-448b-b97a-81ae2490878d,6
Hiob_,e8ee6300-f783-4db7-bb3a-4218b772120e,3
10ni,9d4e5e4e-6ccc-4581-b7b1-28556ba40a83,6
tenni,a8575bbd-91be-4a33-8fcf-c5d74a7e64e9,6
AkrosS_,2a955b28-58d3-4327-acb8-9733dd443f9a,6
ReDcTiOn,937ff81d-76b0-43be-b99f-7a7261009ecb,3
VespertusCrane,eccd9b54-6b9a-4476-9a98-381b2b9e96e3,6
acid_byte,10c5dea5-594a-4ae5-91e7-a18e5b915299,6
sulfuric_byte,df0eaef0-d8c1-4464-9017-43c4c545f3e6,6
putzi_x,af4a33c7-fe8b-473e-be62-8ce3f806315f,6
ALiALien,b95f1006-fb8f-4d52-9c55-aa4c18221a4e,6
Leony,0480074c-487c-445e-8bfe-4c16493c7413,6
Fr1dolin,f8367331-b834-47b5-837a-03e234ee0e7e,6
xeu100,c4f5e170-e458-4158-b758-df6559a9511a,3
davidyang01,d204c073-1d56-4493-b1bf-44b6493c5a0b,6
peteryang01,9a631f63-08b1-4470-bc99-285f8ae50251,6
perengano99,152a35e2-bc14-472f-8bd7-3b76f01bcc32,3
Arvireon,8b982e7b-8e86-4158-a8f7-460509d34142,3
kingdingeling82,0cf5ae77-f02c-40c6-bf73-adea29a51ce2,6
crochetgirl1982,9813e489-ac8a-4ad0-b76d-832f7485d555,6
MrDesmondGame,a63033f9-34c2-407a-a934-2e6fa5440bd6,6
Frischi,d2790df6-1911-4fc9-9051-d47d6de23b0b,6
C4BR3R4,b6dd29a9-7596-4ca7-851c-59f568bea627,3
Jim088,bd5a69f5-9587-4387-a5e5-b33109f62e25,6
Samarrah,4711a307-20d9-4b22-9943-6cc44eb6eac3,6
Zorroo,3b25c293-4bf4-4262-9c56-cdf7a16816b4,6
Cerfect_Pircle,e794e888-4577-49f1-85d3-19020db6843e,6
Creepa,d78dcb1c-1e72-4b08-8217-5a00e435855e,6
ayapanda,31efbff5-f979-485d-a065-0cb419ebf7ac,3
EmberGamer,84fa5b61-bcf0-4807-b2e6-efe9e91cc31e,3
Gida4,8203eab4-937f-4d17-9bd2-61c39845b235,3
Rexide,f40dd40a-725e-467a-89f5-b4aba3466e1f,6
Michiiifant,53eca148-45c6-4bac-94bd-e9dbd593377a,6
AgentAero,bdb0c5d6-ce71-4f52-9822-9eafbad8a583,6
Hadeski,5703477d-50b9-4457-ae10-b083e608228a,6
JunreyPlaysYT,60aecadd-684b-4133-a487-96fef639235c,6
Monk_NL,0a244c66-8cc0-42df-8884-3842863a2710,6
Xoezer,19390ee7-e25b-4285-a3d7-bd28fb44cfaa,6
DuckWeedVN,9158f4a6-278f-42a0-8403-396a25af1ff9,6
KickVN,66f1acdb-f122-45fe-a143-31d7b5fe5bbc,6
ItsErnis,,6
Sammo346,e9f0d918-21de-48ef-9f32-6f1866ec8bff,6
aruktai,bb3f5cb6-7a10-422d-ada6-c9797b8335c1,6
Lucifear,75312060-805a-4b0c-b5b6-ffa85ed2849d,3
Zimortei,81c4127d-d1c9-4bd2-8269-3e50075c2a9b,6
Zar0i0,3f1e24a5-21a0-4bc6-ae68-10cccfc9beed,6
XeonPrime,c7e75e50-11d3-4ff1-975c-b054ad7a408c,6
Ayleidex,963ae790-c928-46c3-9c49-441cfcc55ce5,6
Valeska01,e2a746d7-e212-4186-9127-af742febeeb5,6
WhispTheFOx,4d6d3cf0-a53b-4f49-9917-0e34a9537f10,3
kubotan,6176934c-d672-417a-89b7-84529f16fd38,6
gakuone,4fa35410-8b43-479d-acaf-b193a44b5dd4,6
benjabvb,e102ea64-c31d-4dbb-a4d9-8d7baee667f6,6
FranSkin,84465d6f-adfc-4172-a556-9d3546d26580,6
Mrisland_,bc227e43-669d-4ab1-a29e-3ed2f6e84a38,6
ItsHanadYT,ce2ca372-3456-429e-9907-6d58303f8a9f,3
Fapsik,c7dbdc5b-e6de-49c9-8e67-df465898b516,3
Babi,d0b7d3ab-d388-438d-b6fc-3060f2c61e52,3
ShotCraft3x,d33a58a8-ff63-4b88-bc5d-ef1c761219a2,6
HyperVx2,b2de7bcb-1a9e-4c5e-96e7-891e52b2ca2a,3
_Clark_,5f6842c5-4059-4397-9027-a512cad5114b,6
KuruNekko,d84df4e7-67b2-4855-9022-f1ee1ae0f002,6
GamersReturn,6fe884bb-ee54-4955-a6a0-631d30ca875d,6
Ani1149,d8d05384-2ff3-4e3f-9d38-9f23beaba9e0,6
mikedmd,54871bcf-c30a-4b59-a56e-f20977e8b0d8,6
Vestle,dc82766e-1608-4270-a2e5-409cd808256f,6
zzirLxck,65c88283-4d1c-4bd2-afa3-a4cbca4662d4,6
IcedLemonTea_,3d8170f7-4f10-4af4-92f1-b8a567bc65cf,3
NefariousLife,8046f752-9a3b-4743-925e-620b7f10934e,3
Ittim,022b142e-2a69-4dc1-9cec-e4148c7bae88,6
Emo_Cupcakes,9fc2ce56-a8ba-4d41-9a25-bb80246c219c,6
FindingToree,69b5e585-a0aa-4c7b-85a2-8bfb8d8227ba,6
Immanuel94,338ae11a-d478-4761-ac8a-dce6d99879ef,6
Abwasserrohr,d4981948-f5a1-4f15-b886-a0a89d22dd08,6
Vilicius,410ce216-f8ed-4b01-95bb-abdf032b8d4d,3
Belgertier,227793d2-91a7-44df-ad03-0ac369a69f5b,6
TierBelger,ca9cb0aa-5082-4a3e-bae4-a42e207bfd21,6
SapperCrutch,d591c286-07ba-4adb-bcdd-475468f4ef2b,3
BijuuKrunos,2a4b6a87-70f1-48eb-a0bd-1e5e02ae3fb6,3
NOBUTS,00282855-09ca-4034-a8a1-4e5df75c7080,3
Wraek,cdeaf0b0-425c-4dfc-8d91-a2a8f8ecee27,6
Archaeolagus,950ecb73-3003-4037-88c3-e92eebd57b86,6
SuperJogosDBZ,50c3c8d9-5b64-46d6-be90-28f3e4182a18,6
_NickBr,5f09bf66-3622-4532-a2f0-7373c947c1c6,6
Chakrared,6114cda8-0a4b-478a-bf51-a0d5d138bb5d,6
DuNoobDu,3c64a9f5-ab48-404b-8f7f-4834505dff6c,6
Azgalorr,294ebc94-6e35-4e8d-aa6c-8933996bea11,6
Rinafter,05acf330-f0d8-495a-818e-5c3d6df6a8f1,6
MegaVasiliy007,8191c9d8-a1b3-42c3-9298-10aa59062430,3
KenThoj,721708a6-40f6-4002-b209-18f0707def1a,6
Ranma,edea4e5b-0fe4-48a7-aac2-d0b19c20cbf2,6
_Xtreme_Miner,ee13d756-81ca-4481-a6af-ca7f88858dd5,3
PsychoLynx,68abdd33-8c33-4a6b-9aa2-9f1ba3e22b70,6
Darkitect,090dfc17-c3f6-47f1-b939-404c1315c6ac,6
dawn999,30be6980-4d24-4675-868d-227d05126fc9,6
OverCrave,ece6e9d0-82c6-4484-bc60-229952b53f70,6
Seandapapa,6db1807c-272f-4722-89b8-731d3e57c824,6
Claire88c,78096705-25ab-499d-badb-dc6fe31274a1,6
Icalave,a349beec-df72-4b75-8114-e4c14fd19b6b,6
HelperCrutch,c043cb5d-7142-440c-aea0-653c74527383,6
xDizasterCYx,c747b616-3f20-4b17-ba6c-34ff7a40b867,6
NovaNight,cbcf7c6e-c05a-4526-8074-cf6519206068,6
NatFaler,c5853153-2ccc-490d-b25f-65b3cf5e9bd7,3
Spyoo,2379bffe-b19e-431b-8602-1b79cf9a35ae,3
IzzyK,9cc312ac-e7e0-4a12-9512-c80099ab20f5,3
BabelSolea,ecb8c6ee-9e0d-4b19-96bc-452954bbdef6,6
RattusApparatus,1980aedc-8547-4ca9-97ee-7eb1c80a4601,6
Adeelina030,348d4ea5-65ce-4e47-94be-a7d6d64f4afd,6
Rabi_Ribi,43d8b42d-8ca1-4eab-88d3-09bbb8c41811,6
UKXD,7248cb69-af5d-4139-b5ce-e53bdd4e2023,6
Genome,2c553e4d-1dd2-4a0c-b8e4-3bc7991592a3,6
Onewy,e23b5b8e-c9c7-417f-b806-d087a5df8d59,6
ApToPoC,f476e3a7-06bc-46e0-a187-e9ea894d8b35,6
Raideer,cd8a6581-e318-48c4-b8b4-a77b9c8c5b8a,6
Rafeeee,8b58c409-9e2c-49ea-a8cd-6047c8728244,6
Atomnite,e87faa2d-e424-44cf-a275-94e16d04a4e5,6
El_Pala_47,f527c999-f7e4-49f8-9b38-80bdfff7c20b,6
Sgwa,f9566230-9891-4471-83ee-c469420b967f,6
Restia__Ashdoll,0c37be87-c08f-494d-b5c5-24b3619d4d97,6
Myaugav,e23fa661-e95f-4462-819a-9d3de832a739,6
victoret7yt,683e2d21-e3d6-462f-a4bd-a449d1e92eab,6
victoret7,9a9f970f-daa5-4dbb-9e98-4de1c318ec7b,6
ImmortalTributa,53f339e6-22af-4432-900b-7461d3f3eff7,6
sebbe009,6e08997b-8f0c-4e36-b9dd-836c782d4a2c,6
Deumus74,75840d5d-ec09-468f-b1f3-c6b7334af74a,6
domachita,7ecac422-05cd-41a1-9b4a-811a82b2c908,3
ajisfree,21bcccc9-3d97-4794-ab83-d7e3a4afb034,6
MCOVERDRIVE,ee71f806-53f1-4a69-ab11-f9863717e9dd,6
xavierwulfwuud,4da8a6d3-0971-4370-ae37-e914aa1d1302,3
ken0k,f63e97e9-f010-4780-ac26-2d7d41b4e158,6
Kingfaceone,594ab0ce-6c55-42e8-9ef7-be34a827b721,6
kirrasio,2085cf86-021e-4f92-b10a-699e9560d004,3
Lord_Midnight,4f7d45ee-852b-4f9b-b5ec-8d050b5887e8,6
willjr08,d92927de-101d-40d5-aa74-4e937daaf119,6
PoomPK,02205055-061b-4b5b-ad09-89285ff87996,3
FoxelSniper,9110e29e-b2b1-48dc-b487-12791811a922,6
_sin,f055600a-adb2-4496-8c52-d4c1276e070d,6
Bumbullbee,4d295bfd-8050-49a5-9e5d-febfadb4d7d5,6
DatPownageGuy,2dd359d2-5886-4267-9e72-0aef31786484,6
Oozeiam,642d3faf-cdee-4941-a3d8-b3aa18ccde1c,6
Luna_M00N,40da579c-a38e-42c9-a06b-922aa7dc7796,6
SimplyRin,b0bb65a2-832f-4a5d-854e-873b7c4522ed,6
SimplyRin_,2a3acfc3-fa51-4fb8-8b2e-2d7e063079d0,6
DarkBoomba,961dee6e-ff77-41bb-a7af-3be6fce42acc,6
HighStattt,b6e7373d-5ebc-4d32-b33b-ad9c6ff55871,6
PGOVoidLock,d5cff57e-3bf6-433d-ac78-6a4f2a7be72a,3
Macabrehour,173c84c9-0db0-4d5f-96f0-232ebda0e338,6
Armarie,8cbb9120-9301-4eed-9601-c27faee7f93a,6
Fallon,ac5f8b82-e930-47b4-bbe9-9bc331b8bd30,6
Brirro,a4994065-b5e3-4bbf-bad2-3fd5aba96973,3
iamharry,053e5569-8a40-4b6f-a8a4-767cd8694fc1,6
WhiteforWinter,f2b6a688-61aa-4450-97f9-8eafed8e8dc7,6
FayYue,064bcc4b-8d1a-44f4-a762-1e8dfda7cdf9,6
fgpuma,e092e11f-b0f8-43e9-bf15-d386708b25e8,6
Shadow5875232,0bcac73e-ade4-4abe-baf6-c1aaacc997bd,6
GothkittyGirl,6ebd8b45-2c63-43f8-837d-5b9786f25cfb,6
Goria,d9cffc36-5ee0-4764-8b63-c14dc5e46560,6
szabonight,5aa97ffe-7a1a-4b52-9f6b-30a9747ad067,6
Ripsey_nc,c3ef3cde-9558-450b-bebe-e9835d28859c,6
Atos,aa114334-b949-4fce-a4ea-b6eec987d37b,6
dwatsX,11f52075-843c-44af-b54a-0c1454d55d71,6
Doom_Soldier,346d2735-3d9a-44b5-a8ed-bc3e1cf80e94,6
Feeriix,660070d6-16c2-4ee0-b97a-0350ff27aea6,6
DerKurze,07f390e8-bba3-46d1-a2ee-f6cd15cf27f9,6
ProDeckar,d513aa81-0dac-4a65-928b-ef5649edce3a,6
Skyce,3a0e9d5b-729e-4370-bdc0-6a6031ad3517,6
iRegalia,e1e91675-c3ad-46f8-83ff-7f3f79df40ae,6
Loprip,4d1cbddc-47a2-4f3d-9644-b1df0620f366,6
jere62smi,00210847-90d2-4a98-891e-c0548c081fa0,6
SkyTehk,8b4bf75d-1879-49b1-8297-ce82d96f13c1,6
StormWalker_X,70ecbc9c-cbc3-4a66-a730-81ebd6406201,3
itsFumaz,87320472-7c8d-4579-b885-a8df2e61cd29,6
luckyblack,f4c7f7fe-2af2-4d45-94df-533d20a07d28,6
GGSL,cfdd9fcd-9446-439f-8760-51619eb4dc90,6
MudsyKipsy,708b75d7-ac15-410a-bb99-b11a9524eb2a,6
whitelily36,e97bb8b0-93ed-4dd4-a304-7a2df7716f95,6
trickytreecko,e6bc2f67-c645-4463-ae8a-7198b58dc752,6
Popeblock,e2fc7d4f-24d4-46f6-b531-ee47bec3d6fb,6
Arugulalite,340dde27-bea0-46db-9cdb-768b525d4344,6
Mr_zhao,6f25a2e5-a368-45ba-946d-b3df0af831f5,6
mr_Tomtit,21217bdc-a18e-4dfa-a4a8-5ffd1695c01a,6
Pixelwariorr,39376a4a-3366-49d4-b159-77f5fccb4d4a,6
Smolax,38b6581f-671a-4021-9f5a-964018ac2837,6
Regner6,d7224533-eb97-4731-81b3-d7b624bbee8a,6
Dwarvinmight,e1f22834-7749-4eb2-b6d4-7ee28cedb028,6
Listarax,94428837-7981-456a-b8dd-ac27b41769e0,6
pink_shadows,f9efe469-bc59-492c-88b5-fce404bbb22a,6
acatox,f26f3496-1261-4741-bf52-45c55dc1fa60,6
awrootbeer22,028f5c5c-27ce-41d2-8be0-d8d7c5906e58,6
Swordm1993,7b2c9cea-b372-4c51-9890-da67ce6a1e49,6
DaPeepah,6a76428a-edcd-4676-9c19-e935d4ec1d62,6
Beelzebu,9770ddb2-c6b3-4fdf-b2a1-17e78ccf85ab,6
kingpeti,0854bc1a-7b7b-4f40-a7bf-ec1cd3f813cb,6
Arphox,0ed1f261-13f9-4dcd-885c-d6e70737429c,6
Lanoobe,52b0434c-7e2d-4b07-8785-16be85c25a73,6
Jurisan,30458a02-faee-4f3b-8cf7-2584abbc2d44,6
montlikadani,,3
Khev,7a2b751a-87d5-42dd-ad83-a8782f8b4178,6
BlueSkull__YT,3a23e861-ad50-4b9b-ad56-1682b3ffe89a,6
relavis,b330abbd-355c-4c31-97bc-74c14cbd690c,6
ThatCatGirl,3011024b-9c68-452c-ae94-4301f0421fbb,6
P0WeRZz,b9b2035b-d560-4d56-825f-c5bd87e98f76,6
JesuOnTheRadio,,6
swolp,8e949c09-9ac6-477b-96df-f80dce875e16,6
spudanatorvii,44c7e08b-a22d-4c9f-81d0-168d56406faa,6
Skylord_Brebro,d4b0095e-b74c-4087-b66c-55b340dc3e01,6
Domo_Sairento,96bcd84d-172c-44f7-9ef7-6afffb0de184,6
Snickerswhirr,52150c40-d2df-49c3-a883-bc87f6256515,6
anson_tse,0bbbe2bc-148b-4248-b895-41113af59853,6
Kasuma_Shiro,576f24af-b374-4298-b039-88876f068614,6
flareskies,04be2ca6-93f4-41cb-bab5-340358a55720,6
Dino26,505db3b7-c769-4b8b-a405-28dacbfa895e,6
rubensubagja,4af56546-07a5-49fe-a719-99358e262e13,6
VanDivos,ac6830ce-415f-4e90-9291-a03d3374dfbe,3
Polsonator2,28c8f1c8-8ebd-4a40-89a8-71be97f68a70,6
haruh09,4bf92fa2-6f77-4e58-8e99-6772183ea7de,6
Runejackal,1c72f967-4e9f-4696-9b4d-72bcbc5e3c6d,6
VillageMura,11f1173c-6a8a-49ba-88b3-02cb0285f9c1,6
bing,dee6e67b-919e-4ad2-b21c-341a0a974ad3,6
Test,d8d5a923-7b20-43d8-883b-1150148d6955,6
MINSA20,d12377d8-1547-417a-b8fe-1d9744e1b003,6
Lirn,85d84ebd-fe09-458e-8c44-68893f706530,6
H4ckerpixel,4ae8ceb4-bb50-478a-b726-4ab734d59c87,6
Adolf_Hitler,5c2674d5-ffa4-4090-b604-4938ff855ef2,6
FCRev,b5ed2f2f-80f5-4a9e-ad11-3f72de2fd677,6
Hinata_Hime,cbe1a1d6-5685-4437-b752-8945c2d78eda,6
AlicethePrincess,06f45fc5-6502-4437-9fed-dc0b3e9c674a,6
Dio,1d66328b-914f-44e4-a9cb-775c71db8ec8,3
TrizzerArts,7161bb02-958e-478a-8229-e47dddeb4a42,6
BunnyCooper,f126a19c-eb80-4ef2-a403-af7f68584373,6
Ltan,06bd011f-2747-4989-8639-96ea2b57f5c0,3
chuchufate,d77d4ff2-8de0-4e60-8305-ee9d05c8d849,6
FunDaily,c87ff0ac-b8ec-48d8-a8fb-e57b7f063d62,6
FEiPoM,84053acd-31e5-4bff-824a-ac0b95fbd219,6
cool_dog123,65be3a81-0cd1-473e-9a38-0881a8dee5dc,6
IlinaxHD_zockt,fbfa773e-0528-496c-92af-0d8917684b6d,6
rybuilder23,59cc56c4-dbec-4b02-af4c-80b8312c2f4b,3
GamerGirl152,48805bac-ee7f-4fe9-869b-57e352e1d79f,6
Baby__Lilly,e2b4f7a4-3028-4d8e-a1b6-ed0434e11bfb,6
zTheNight_,591cbd23-18fd-4793-9f1c-073be3d8d71c,6
TheTopCz,4124b869-931b-43e9-861e-b0b057a412ef,6
KuryCZ,9744306f-f1cb-403e-aa64-dafcb4a727ad,6
BlackYamato,0692fff9-61d4-4e1d-98c9-14acd0666f87,6
WhiteYamato,0513b367-e661-4ee0-b73d-4d4a76cced9b,6
GuiLLoTe,ab8c96a0-f98c-4aee-b8c1-732faeb54f59,6
GuyBuddy,765642c0-20f5-432f-a9cf-b653c48c69ff,6
DragonSpirit92,f96d6b4d-40c4-4880-9e51-80b3f25f2de7,6
vikesomeone,078a54e3-f229-412d-ad61-0ecf47a9eeb5,6
spinner1991,b871109e-001e-49b8-8b42-934fc74d634f,6
Axentra,0b4e1036-dc67-4e0b-9526-84bfca3a80a6,6
Twidel,0a98b410-e6e7-4b91-9fec-6754a2975143,6
_Kee_Kee_,67edb3c5-798c-41fb-a4f2-e99f8996d521,6
CaptKozmoBagel,25d814a8-e864-47b9-8f7d-ecbe36eb2d94,6
KittyRainbowFace,7b5d41f7-f723-466c-8a0b-08e16816d854,6
Tomodu,0d452d37-78a5-4836-bd59-0025e97c1bee,6
ShadowJano,c52271b3-88a2-45a3-8173-a1e3cb9acbc6,6
Realtech64,797d164d-ca73-42aa-88cb-6b14e2fc984e,3
sgdc3,485957ec-732a-4545-87ac-fc9ccf086cf2,3
andfont,5e46ff3d-b59c-4837-81c5-0653929eb26f,6
pedro,823eede2-25d7-4020-aa5b-ed279e46ece8,6
Jetangus,8317554d-792e-41f5-854f-3e889ce56f6a,6
jeujeujeu159,dc616d21-0b21-47e2-8c27-a20792b3b127,6
gabichoubidu,8488c488-f7f6-43af-9324-b09c4b2b6378,6
Tetech89,3561dcca-15d6-4d89-b8d6-2cb18d9f1690,6
Millypanda,6ae24aeb-2ef5-4a7a-ba20-4748e94bce0e,6
Ling_Haner,1f71a603-9b59-4259-859e-6eb1816abed3,6
Wrobi,03755f41-0843-4d7c-995a-8cd3f3f3bd40,6
TheDemonio,674b413e-a918-45a3-8a90-127f3866e2db,6
Spanner_Man,77622fe4-dde2-4022-8cbe-63b172f22c26,6
logys,b8536b9a-f319-4891-a97b-c8f1b0db3abc,6
AnniHenri,3ff4c185-d366-47a2-8f64-5553d4b860a9,6
DixiMax09,34b2c707-ddcc-45ec-89a2-b18d356c0c68,3
PlasmaVN,cee37b5b-4726-4e5f-95fa-1962271f4d14,3
Viranda,cd52b73a-1ac8-4fae-b1bb-0f74a276d674,6
Pegazio,f60b33bc-c746-42c8-8ed9-1fc534584a4b,6
pim16aap2,3ba21c6f-6ad9-4310-9f82-f85f5602deef,6
msebastian100,9c5b55ac-7a8b-4589-911a-d1a02482b44e,6
StegoKat,198f92f6-bce6-427a-a933-cf00d0051c7d,6
RFSMassacre,32b890a2-e931-4ada-82f0-40f87cfd14c4,6
Leon_Delacroixe,4c078c71-31c9-4b21-8a8a-6f9b73abad40,6
LesMelodie,2d6c937b-fa5f-4a3a-8127-45bb868e1fc4,6
Kirstiana,1f4374a0-dc79-4f44-8f79-e12d85cb8164,6
Bloodseek,68300ca2-ed70-4cb0-9152-6c5e8e9db2e4,6
Kranex95,189075bc-a6c6-4c15-be35-b09cf9857639,3
NiniHikikomori,bd2afb40-5dd4-4c82-9771-261767b63bd4,6
Ymerejliaf,c7231ff5-b251-4c9b-b5d2-d6edb9ba67f4,6
PianoMaster88,8923341a-3f5f-46d7-bdc9-38a5aab3b53d,6
Kurt2006,b952f657-3272-4d64-aa12-8f4d435e6042,3
Sreeves_,6bac8591-ce0c-4ea2-964d-b4bc397f85d3,6
Creeves,04557d52-6c3f-4053-b86c-5067d2720931,6
Stonck,68c149f5-7e57-437f-8b6f-ba9bb6a6973c,6
WCZ,e7700504-328a-4711-a213-59a0bcf68401,6
Harpur_,e1dbe0c4-e592-478a-aa0c-bdbfbf79e541,6
FieryPanther,74aff220-8d1f-499d-b740-0c8ef27a90a4,6
Sir_Andrei,d7094277-062b-4829-bd38-902058612b28,6
PCGaming247,b55074f7-702c-4be3-bde2-6c743a72c13a,6
PeanutDerp,4ec997c8-74d0-4606-88d9-c8b9bd73d7bb,6
Cupjok,1a10b2ac-fb7a-4f73-b200-4977fabe873e,6
ElEcuatorianoYT,9205feed-56e6-4d7d-ac2a-c797f022c916,6
EpicAlexander,98095982-c127-48cb-acc6-6f265895dccc,6
ChronoShaman,6a6c43c4-f0f1-44a0-82eb-eaed0c7e1347,6
dwayneh,9f8b66bc-24ba-4c96-b29a-5deab6af0ed9,6
rolts,48fde0e7-852f-49c9-9870-32b9657cd5f4,6
VaxjO,d4e31d90-9221-4d7e-8623-f7c36ff6985f,3
tkudo,3f0d014d-5732-4a51-9a94-8024b53c6929,3
gameReseter,fb695e32-1a05-49ad-9492-98dbe31d9bb6,3
MrHoStille,40153350-6116-4152-805e-da529611a677,6
MrStanDu33,c3499e76-9f80-4de6-a04d-63708d30b2cf,6
PsychoGames,0168cee7-e23b-4cec-8a7c-8a447c50a716,6
Renfa,c80a9e64-d2ac-4e41-936a-755304688828,6
DragonSurvival,08c78e08-8e58-4014-8c94-bf9f0ec4cf4a,6
Kiruzx,6de8cf20-631a-4c03-a059-13264149a451,6
comonier,1b9c6d0e-ec86-4c4c-8ee9-9bf2e06c6af8,6
reinomoc,74542ad3-c23c-4ce4-8052-c9dee4d49388,6
Huntresslove,ebd11747-bb92-4fec-9386-53312374e4aa,6
Dustbunnie,db310a68-cc4b-4df5-a3d4-54742f7d8bf1,6
Lunatik93,1cb771f6-9364-408b-9446-af4b7c6cfb50,6
Kubson_,dd065bb6-8039-4c6b-911f-45162891afd2,3
RealHoon,b25f87fc-7afb-47f6-b0d7-56240c5b8501,6
Martijn_0129,fcbce364-a692-4589-8020-255d291a0871,6
yukihanya,ebd25ff0-8054-4ff7-ad8d-6cbb6a08b20f,6
MachisCZ,1b944710-9ea8-4f9a-99b0-8baee678a698,6
Barbarx,8ad9fb10-0bad-42c9-8792-a55c951c3b77,6
topkung493,9a3d210b-9ccc-4273-8bfa-e94f12263319,6
nilsmusic2000,7bcc6822-4953-4e54-93a2-3e57901c0c7d,6
Vedantis,3392468b-36e4-4e1a-a28a-6d637b645237,6
TruePower,5c032f36-269b-4e07-98f8-18a954b3e74c,6
MC_Gio,09c7ee35-f6b1-41c0-bc7f-580dd8ca2bd7,6
Johanmans10,a248325a-3235-4b6f-a081-17d657469424,6
Wichier,ff8c4a9b-776e-4770-82d8-6310079eac5c,3
TheXardas,f649442f-fefa-4a7e-b233-cde686a49eae,6
Teleytas,44250219-a652-4b48-bb35-e6c5c986fb29,6
coolbar1993,736db6cc-e51c-4c27-85e0-f8a5b036956f,6
NEKO_hoshino,52aa6d6f-7218-453d-b67b-5a231830e197,6
GouLiGuoJiaNaive,7110fd39-dd27-4ec1-a99f-f111cf2a577f,6
Emioly,500fe4e1-a2ea-4c3f-8451-03315bf06c1f,6
ELROX,27736664-51e0-46bd-a24d-389fe9191083,6
LilithLR,5288858a-b91c-4b43-b9c4-56c2c7b5cd3a,6
mausterio,b82b291b-87a9-412c-a3bf-f33fe3ad1c46,3
prasha_,80b40f4f-0d17-4773-9f9b-fb8099eca587,6
TomasOlsson,7d521368-b943-4fba-999c-24981acff24f,6
toko60708,82d36c1b-77a7-4c5e-8312-5cb66aca95fc,3
AlexCat07,9e146e9a-4286-4d64-a380-cee131b659f0,6
WolfeEnder02,644c3a1e-b0d8-4e35-b990-1d4914cc46f1,6
SongSooJin,195ac9c8-123a-45b8-bb19-54ac9efa5230,6
xxgiffyxx,3b72c5aa-8f93-4905-89b0-0975cdfca20e,3
Myekaan,4eb4a4f9-2fc4-42b4-b3a8-bb29af9bc364,6
Consie,98aef8ef-c17d-4b46-9b5a-2fd69597809a,6
BodaHawk,f333fbd5-4167-4027-97a4-029b0a2dfa7f,6
NillyWolf,3550048d-cd09-41ad-9959-ab1fe67e0819,6
Ahzord,68b92237-c539-43d3-bb17-efae199d9040,3
NexpKcs,2c5b1a3f-311a-4c1f-8fab-357efe9d6360,6
ZOKIFaiL,4652cea3-a979-4df5-bf09-ad482f7d5f99,6
Rice_Porridge,27a9887c-0018-4889-82d7-b836ab2f50aa,6
God_Pure,7e19095c-42db-41e2-93f4-8112ce25b227,6
Zeuos,966dc740-ddfb-404f-8646-8496202f9133,6
iBlackmail,37f52bbb-e920-4a9c-9358-215f1f1135f9,6
Aladram,f3a42fb8-ecac-469c-bde9-81850db1ab2b,6
J4im3x0,8b97deeb-30f0-4b45-8a80-07c23e3b75a8,6
MasterWyatt569,160ce10e-c18b-4d54-a12e-bb84196df880,6
Coolkc456,721f75db-0b2d-4b2d-8c09-825be1e39b39,6
DJCat_Remix,eba90e28-9a71-4d01-ac53-602f22ec97e1,6
Svlik,740113a8-2dc9-40f3-97bf-2e9930037753,3
svlik_,b1790029-2e90-491b-abe9-77981bfa97e4,6
Aberamentho,,6
C_fragments,5ea95424-01de-49f7-91b5-682a5db9ce8c,6
mokomoko_,338db392-4df3-48a1-87a2-5e19828eb250,6
DerEifeler98,c79c3383-cf06-4813-990c-7fcb1865b43b,6
Maria_848,77897572-4e7c-4a44-9086-41264d1c8bf3,6
DanDanisme,713eed0b-24f8-4123-89f2-89a9acabda5a,6
Mc_MouRen,,6
MsArtix,5664016b-469b-47ee-8440-e5bb46fa4b9e,6
LeadDeveloper,05303afe-9c19-42e8-8e0a-65f15fe336d9,6
WindShaman,76ca1b8c-041a-441c-9ed3-0aaf29c39298,6
Toshka,83a69e3b-422a-4919-8421-3a1ffb196194,6
TheBigGeek,a3b40402-6a79-4d65-b921-8f2b2e305b7f,6
MrsMcGeek,3fa6920d-bf80-453b-b46d-5ddf41b1a864,6
Mahazael,fcd8c430-85f8-4bc7-833a-75611bcd2d1d,6
XJue_SaMa,eacbdcd2-1669-43da-b519-b29fae385133,6
Suesy,a4d7ac2e-3944-404f-b6d8-17788656c9c8,6
FinaMina,4837b34a-dfd5-4964-8f85-ff8b152405bd,6
techno2017,30340347-4ed5-48be-82da-68f6818ea220,6
DykeX,da3471dd-fb60-4d3f-a654-155564b38828,6
DeluxeBlocks,f8fa8099-0fb6-4315-8503-82b5af44e50e,6
TheSittingChair,6d3fb46c-80bc-4850-8929-859389c0ea4f,6
kodishim,3c13f1d6-1b32-4fac-b2f2-7607521262b3,6
Stoniasawsome,a975b181-f7b7-4a8b-a743-8a428e216d58,6
myke169,e73577a9-48dd-45f8-a3e8-9ccc5d69fa9c,6
13lackkat,50567496-65c2-4373-aa4a-1fac58b5d6b4,6
Fierystargirl,fb7293e6-6514-40fa-94d5-ba1b4dafd892,6
sayoui,1a66207c-71d0-47eb-bc41-54f01f0f62b9,6
maiizama,2f2f5bc9-75c5-4066-a433-65975b41077e,6
NutKunGTH,4d00615d-63af-4e5c-9112-4e2bef955d80,6
QuiquePineyro,5c8f13dd-45da-40dd-859a-58b0ce7b03bb,6
R1NZLER_,cbfab384-96b3-446e-9d77-9da09da57753,6
TheSilverLeader,f384db27-2458-49a1-a962-3a7285620b5f,6
ProMoRRom,33cc279e-befa-4821-98b4-93062a8582a6,6
DalPaniel,b1497ffd-3ec3-4544-90e3-6c1500e564ff,6
WindUnwaken,d434dad7-fcf5-44c3-ad54-0734fadb3a0f,6
oGyaku,218dd88a-8961-4e14-bb27-406bae74e1f4,6
Ricky32,ad8903ca-a288-44df-82a3-b024122b5ffa,6
Morrigan0525,5b38f66f-a85f-461d-97c5-081f936e7be0,6
Wolfie0525,3f1d16a6-3f61-4539-bd37-d15483d7d8c3,6
Thecraft201,581a7838-8e2e-400d-a19f-06b3b1f65663,3
TheCalypso,3fff8c39-8045-4c03-9088-7a0bbc6d4657,3
KeepItKayfabe,080cdd35-3bc6-448a-b256-baebc8164414,6
DA_RU_MA,e6f19219-04a2-498b-a787-c0eb08fe3073,3
Alexej9999,4408f7fc-4696-45b4-ad04-8902b7d5c846,6
MoonSoD,93aefe62-03e6-427a-9c13-03f7254989ae,6
xZEROOblivious,26167e34-24d0-4cd8-b3d2-c10d74a8349f,6
Rainbeww,a35aa4d5-0790-451c-9ab9-2fa06ad43eda,6
GuerraReturns,ac3b0ed1-aa8d-4eb8-9d9e-4735083421c1,3
tmellen,dccb4c3d-eec7-47b8-a750-1524584fd3de,6
Lucy_the_Cow,f2b983b9-0c0f-4826-b027-2fe71ae83259,6
SecretNinjaDev,80d41de2-43fb-49f1-9f31-3e6be49364f8,6
DLAnfevir,7a2c95c7-41dc-48c7-9351-e61af3468b37,6
JohnHsu,635945ef-3daa-4248-886b-e2bcf75bfc64,6
Boxofit,1092a918-ae7c-4f55-abea-2603a7c0822b,6
Satyz,961020e4-17ad-4763-b8a8-dfe616255dea,6
Tip_Tip,0e03cf1d-b4f2-417e-a20e-0c96e55aa0ba,6
dragonsnake030,befb23e2-d696-42fd-a3c7-66a515c1111c,6
Adonisedec,eab78fa2-c515-45c8-9890-983849d6fb58,6
IceZombie13,83d8ac22-831a-4e49-9026-684d64be7606,3
un1code,18f25162-956d-4149-a207-58efdcaa171d,6
onyxroseleer,331b8e70-3ce9-4386-bc54-e7e19216de6a,6
xora969,fff3f530-7b68-4c28-a548-119fd5e8fdfb,6
The_stas,05fca463-5b99-4038-88d8-8bb8bcd419a8,6
iiTiffers,df108384-33a6-4565-a7de-e805d489b5e8,6
Myinfojessie,327a3aec-9f82-4d0a-9ccc-0a8b11da889e,6
Alexio57,d28925a2-4732-4662-9f6f-1468a9d54cd2,6
Menisla,b52e2931-1dc7-4f4f-84ae-75f354de77be,6
chasem95,b2d7ab5a-c90c-496b-a93c-06f9752d33fe,6
xKatMariex,a48050da-4341-4201-b79a-665f3c80463a,6
DoesExist,529af355-1583-4173-a2ed-43754af4142e,3
ThePolandStick,791adeb6-37ab-4052-a885-5cf0cc4edf16,3
15mc,148f6712-ded2-42eb-b288-17bf3ad14e8d,6
snowclay,f79e6a0c-2475-4d08-a772-c62ee95649b3,6
SJ93,6fe2fea2-76cb-44a2-82cc-2689c0004cc9,6
Aosu,a9e8ef1f-72f5-40ee-b2ad-c0ea5b7e046d,6
huangzong,40207716-25c5-42cc-a09a-a3e38c7337c0,6
dadiao,c4394338-7cc9-4097-b900-a267720e991d,6
hf1991,e24332e0-e6a7-4023-850c-7b2eb10d0038,6
ChronosGT,ea3089df-722d-4b15-b06b-f903ddd06558,6
FOGos,8a010136-6460-495a-8615-a2e586255831,6
miner11,,6
shika258,f053b7b3-40d9-4edf-b4b6-c2f0ba4a0f93,6
Frizzin,f2c371f1-8689-4a44-b736-14dfafe34a36,6
Infro,d23da381-9912-46a9-9f74-e66a97feddd6,3
Kilyandra,,3
Lehrling,70de4705-6bd0-4d41-979d-4070aae4092b,6
WolfVPro,6ad4e7ad-cabf-4728-87c2-852dd907f7bd,6
aisupek,6e303c6e-e976-4c1b-8615-0594237535d7,6
Gypsum,fa99a736-4eb7-497c-9d87-586fc58869ef,6
HeckinHannah,d40802bd-e610-4adc-a0b6-c1d7dabc041c,6
KnightOfTigers,f30006fe-509d-4b8c-9203-e85f92ef2330,6
LascardXD,eba36f9b-a824-4b3e-bf0f-bf2c06ef167f,6
VolTec_,fbac8953-7e02-43fd-9061-3d9aa1b35f63,3
Ciphy,5c552551-b8dc-4e24-85a7-25cad6e657ed,3
smallbrains,daebc552-96c8-4dc4-ad37-90e5927d3657,6
chaosworlds,bdc0d6ed-5471-455d-a3b9-4b0fbe5280d0,6
Fran26_Arg,,6
easyzocker533,d52c244f-46a6-4678-8cf1-3fc1f4565957,6
Snakeeye98,ed1fc96c-1283-4ee8-9790-0bd1fefe964e,6
TheTouchOfGod,bae3f95e-cda4-4f4c-ad2a-2588d5051d79,6
dydy37510,a77c5fb8-df58-4531-93de-3c5516516de0,6
Inoxious,7710d2b0-b176-4d80-ae19-1097a7b58c02,6
leons,13ebdd12-eba4-4e50-81bb-9bc61375f3be,6
feifei,2069a6b6-83a1-497b-b337-ba766ce00416,6
DanielTravi,32b49af6-dad0-4031-a3f9-047defabfc98,3
Chubbnugget,76430450-391f-4281-ba1b-1bfd596e2544,6
Mags101,855e1291-e643-4968-a91b-5effb98af920,6
zSound,272abdc2-e155-47f6-b605-a325662bfc49,6
Hitosherizu,f4e5f1f1-8b0f-4849-9491-ed2aaa4645b3,6
Avesnis,0e0172a7-301e-4264-af0d-d9417b098b4e,6
RisingRealms,9eb23cb4-3d0b-48b4-9e59-5627cddd4247,6
Scorpionvssub,a6c44d44-befa-40aa-b9d4-9f87164402f7,6
clairecreeper,92fc3a6b-03b2-414b-a31b-42fb365bc73b,6
thing1a2,f1b9a496-81eb-4253-89b3-4c92c3aac0c0,6
ideb,001bd341-fb28-4ba2-99de-78ea0c3c3f1c,6
lieemi,68b5bcf8-89f9-4b97-b272-cd3702c8cc0d,6
oddare,945309c6-ecde-467e-860a-331e9264c6ea,6
RoyGaming_VN,60152ca4-189a-4a04-9391-401ca6f8a0e5,3
totticraft,34d6d616-5409-4ee7-9116-0505ceee2098,6
NachoMans,ae09152c-d6ea-4dfe-bd72-f64e6c3c8e68,6
mcraftpete,50aa4c38-daa3-4c29-aecb-7371af7a02ca,6
Erwiking_Fury,63929585-9010-4334-8ec4-831815226f0e,6
yanisdark20041,eddfc3ed-12ad-40c4-8eec-6b322a2d0108,6
pinkpig3777,5c8dc120-9cfb-4b09-a666-ccaf7025b0b5,3
SgtLegoTown,a41caddd-4777-4029-a070-be800af77d9c,6
OliPulse,af5c107c-af87-4e7e-808d-22f2bb4e3a52,6
Ryuvong,07e42f2c-247a-474e-a226-a9f55af7f04d,6
TanMC,63539474-ea83-4ea8-84ca-3d832b13e9ec,3
xMarcel_x,a10f3a96-90c9-4d63-a871-580b5f9d05e4,6
Shulker_Shell,2573d06f-2f86-4012-ba61-e94d2323e3f2,6
PixelNull,b2aa3b70-3dc8-4106-908a-955c0be0c4f8,3
BigBurgerPT,8f70cf3c-3ee1-4deb-8e0a-3e60a81fd01e,3
Rhythm_Nz,23155dc7-db66-4a2e-be1d-2adc4ab90a4f,6
zPoseta,8e69f209-0911-4316-aeb5-ab5e648bd47e,3
LuciaLN,dacc9a85-ac9f-4744-a971-630172c977fa,3
rvtx,a7fcc514-88fd-4e2f-873a-635463ca8b0e,6
datgame__,a49ddb9d-0274-4620-94a3-1b3c9539c7b3,6
gizmonster,e502d121-de9d-4f5d-b7e5-0da747c4e2e8,6
antgame11,961dc81b-3bed-4bb2-bbeb-cf1924ce173b,6
enly1,d4616406-06fb-477d-8df6-5e3cf5a7e630,6
MidnightSugar,85532811-ddf2-44b4-83d0-e8b5f2e2ac48,6
MidnightCactus,4e886265-a195-4297-8000-913dec8414e5,6
yuanbei,295416dc-b6cd-4cc4-9d79-c34a5b1a85af,6
MikeGor_,7f793fa0-c65c-40d3-a06b-320bd35a3add,6
Niinnee,74eef58e-4696-4b6a-8896-d94a657a3173,6
RatchanonTH,03667196-903b-49e5-a71c-bcdd837ff3ef,6
KimeiJoanna,ada584d7-dee8-4ea3-a3c5-8e0885beabd4,6
17dmc,,6
NurPech,fc096afb-ebf7-45b9-9448-78c29109eb92,6
BeefHD,994684d8-144f-4c5e-8c91-3c311855e197,6
BeeHD,465ca25c-9b53-4e9e-896e-740839b8ae08,6
nato3623,fce9c20d-8cb8-4045-8e06-7d8c4fd010e4,6
ImArtex_,8e129f24-b734-4447-ac27-e1b98dba56cb,6
EpicSubset,1a45aa67-e39d-48f5-a5aa-4467b9a0c0c0,3
EpicSubset_JR,20787ec5-7580-4501-a404-bdac6a1207b6,6
SirGoldman,8406ee5a-f252-432f-8566-788adba0406e,6
Zhaeva,bd4ccd27-d12c-4c17-a251-342ad5018c3a,6
Benjixh02,84639620-b42f-4e83-a487-3b19c9f880f6,6
Mayzone,26e81705-c68f-4d10-b67e-53aefa4890fe,6
killzone014,f6fbf911-7daa-4b52-ae0c-fbeb31680d45,6
Empty_Madness,145af827-c6f7-4808-8257-6fb88f523d56,3
infinity3113,24934883-401e-4488-bf67-6c53de33050d,6
natr566,29e1d027-d8c2-457f-a1a8-e5387b84de31,6
1jack,956faa3f-df9e-402b-bc13-39c03d4b4a5b,6
_Khalife_,6643d668-42a8-49a7-86ab-e4ba939225de,3
Inia,2790b0c6-f5a1-4922-84d7-cba32083ef9e,6
Ghost_chu,7351a6fd-a09a-4c2d-aae9-86252d079a4c,6
pilock,1131edb4-82bd-4297-a77a-287b61fcd89d,6
FoxWithSocks,bf926f1a-c06b-40a3-b906-5762280ae29a,6
MSK9,421d4857-080c-4a09-baa6-d31ede86b3b9,6
GreenMasks,e261753d-dec3-4282-b5be-c3492bdac1e3,6
Jos001,ffe23284-7f98-46aa-8367-1f7ebd9b8068,6
Eva0714,9bc05821-efaf-44da-a534-286396c5c814,6
jiu_book_,eab0bd38-c0d9-4e3d-a7d9-7b7919577823,6
Serial1990,e04d3aa5-4d28-4973-a274-c2bce5552902,6
IsraelGamer,7f3cee7c-3f5e-448e-b9a9-e1d10f11852f,3
JonCrisX,bb2501fa-e0de-4f0c-8925-0f96e580834d,6
falsie,30b390b4-6d83-4fa5-ba20-e94b4f32722e,6
KANRISYA,f47e36c3-7b6e-4faf-91e6-6d5807dc60a4,6
RisingDrayke,a3bd2b2e-250e-4516-aee0-32818a3c85e4,6
TimmGer,42ec4354-5f10-48fe-a74c-20d46158353f,6
xXTrixieXx,0e47022b-b234-42f2-b53b-d1d3518e7c7e,6
TylerAandM1987,5968fd18-dcb3-43ed-8a94-7d419acccab0,6
maytomo,08b99f6f-8d19-4380-aecb-ac9919872ff9,6
MrWho,923d0ad6-993d-4a30-ab6e-6f7ede5c31c6,6
kika667,4b17e512-a377-4965-9eb4-ec3368c18dbb,6
_GekkeHollander,c06e890c-bf59-40f6-9f21-72a4fa73def1,6
_GekkeBelg,b5e245ca-5199-4a0e-884f-995c8b4dfb2d,6
KrazyBeat,d49b50ab-4803-4107-95a2-1cf5d7bf6d3a,3
Fashion_Red,4b1869f3-9486-4175-b865-600efce7cd6b,6
Luds,64ce0f29-f0da-4ac2-9664-a56857aff374,6
cms650,d6afc769-2706-479f-9653-475712b9902a,6
deaht_algels,42736f83-83f7-4c0d-bf37-1585cf425507,6
Its_BestKung22,ab5bb7b0-3d44-4c56-becb-44fd7074a15b,3
lukemango,45fbe595-4240-4990-9ce1-7920fff0d7ab,6
ThatGuyChance,928dedd4-ad28-45ec-ae0b-6f5d0f0b4004,6
Emanuil1,76ead18b-e143-43be-aa04-cf10bd57e315,3
Absolute_Phoenix,64d451e2-2754-4fa6-8800-4a1b6b3bb814,6
Switcher_11,b7e6bede-baa3-417b-936a-139cda78c931,6
DanTheDetermined,3810639e-b52f-4df1-ad4b-748236bf77b9,6
OakleyOwl,a9e7defd-1beb-4fd2-be33-2e4549f70a2d,6
lb00192481,b6adaa3d-0fee-42f7-a0a9-5de001aef285,6
PleumMagic_Zero,83a53ba7-d7aa-4894-9e3a-34fb1f138a5e,6
teltagy_Zero,907d248d-21e7-4d05-8014-29282776c667,6
DarthCheddar,e18065b5-92bd-4215-a26d-9b01907ebaa9,3
Hcrossfield,20cdc769-b14c-4518-9b6c-16f94406c06e,6
Mordred__,f087f318-a330-4070-85f3-cccb639d3a14,6
Qahbo,19468b20-4b3b-469b-982a-80c7e847a4cb,6
NoAbility,353e82b9-37fc-4962-b075-ec7225823097,6
Draxidroid,df4eda6a-d48c-4083-9370-cd8e1c354942,6
ishland,ced8c8d0-b565-41d6-8e6c-e879aaf57173,3
YYYNNN,6ec1e990-e274-4e71-9eb4-b0e90c6236b1,6
allgames,e1274d21-9edc-4e46-a866-ef5a98730de3,6
allgamesofficial,6cca1a24-e859-485b-9d6a-9cf913cde0d2,6
SkyScotch,0be52ac5-e837-41f8-bd46-42418d955462,6
AA,3e39a399-ed2d-42fa-8acc-c94a58008463,6
Eghother,6de7fddc-fad7-4641-98ce-1d3180ff090b,6
AnimeFreeMom,c3cfc9e2-1b40-44ac-917a-8e111c08be9f,6
BlackEyes27920,caf7fe8b-f17e-4bb4-b0ed-2604672a9d9f,3
_Endi,499cff2a-a1bd-49e6-8b9a-1ee00f4b5394,6
XDarkRiderX,19e3b0c9-0bb6-42cf-9813-5215a426ab38,6
LilSwuid,85891b44-6c03-4b86-b028-0a5bbe608e6c,3
_AleMastro_,361dcfa8-a81c-4e3b-b876-152edfae6617,6
FlexVN,cb707739-32f7-4fc2-81cc-40f99a93fdce,6
SilentX88,9ca47cd2-516a-4184-bc71-4def4b079179,3
Vaiil,fba575ae-3b30-4327-8ac2-b94b895d215d,6
Parallaix,4fbdc3c7-8f1e-438e-bca6-916351cbd6a1,6
untamemadman,481e87fe-0e6b-4867-bfe0-bb027ccb7806,3
Sn0h,0b75a47f-6e0e-4f9c-b091-248ac4ef69b1,6
Ruytaro,fb2f33e0-e3d1-49da-9b3f-1d213c2daec9,6
SrAkantorZ,03b9e2ce-a378-4eda-a485-0b509cb78e4b,6
Croder,,6
schorschchen,013503dc-40cf-4a95-82f3-c4a5f226a338,6
ARomedtbf,304be3c0-4996-49bd-b277-d7fe29bf0df0,6
AlbertoLaraH,f6150f9b-6a50-4013-8816-2fb3eddab19d,3
0res,102d85c9-7e96-4afa-82f1-b6d2adeaf176,6
MisterMasterMine,bfeb1103-56bb-4e73-9d56-4b31ee07d3da,6
ThousandX,fa977594-7fdf-41cc-ad8f-75f051fe2303,3
zThana,d1ce52a9-9ae2-4f85-82b6-3514db03f17e,6
WithoutSoul999,3a7dbe68-2993-43e8-b8f7-6d5474e7596f,6
Nena8,ead0bea9-2350-4293-aa6a-05e68c8e0564,6
FloppyLP,d5a16534-ec3b-4ce2-b22e-d9093d42c51d,6
Imothep80,1aff4fb0-8421-4c40-a5a5-904d27ec7a6b,6
Tiegerhai,94d27b17-07ae-417e-a1a4-c93b75c48753,6
MerlinK11,7a51d9ff-cc55-42c7-9abe-025e9be1239b,6
JasonTheFurry,e7460b0e-fea6-4fa1-930d-23213600bc9d,6
AlloraFromSAGE,b9d76ed2-69a1-4dab-850d-f1fd64e9db05,6
RoelandCache,b0f0f73a-2a79-4030-9250-6189c6394dc6,6
CupCakeGirlx,30c71b4d-5967-4c37-be3c-af6c4262be50,6
cupsohjoe,db123bee-8749-459d-b7a0-4241e7ef01a5,6
Omena,4355fd8e-0e9a-4f9a-84c9-a6e36fabe861,6
artuditu,9c907705-8173-4254-beff-f1da6f9f9f9a,6
SurvivalDB,a7bf3d64-c9a4-4e67-b9b5-05c733d569dc,6
TheNazer,66a6f5f0-d26e-4f38-992c-8e1a54db428d,6
Draysix,733ef888-105a-41c8-a15c-667138e5cdc8,6
NoHoPeLess,15bf550e-f9b9-4b14-8da9-13ae9a9af489,6
niggytron,7c9df85c-1432-49b1-b9f6-7dba18475182,6
aprilminty,c4530e09-3411-4c5a-8329-7ada1bb69281,6
Teriuihi,cbccaa76-906d-458e-a24e-4b74322f2bb7,6
Saii1,fbe287cb-43ae-48a6-a230-1bb0dee9da0c,6
LevYnCor,9121bd1c-e694-41bf-a515-d92b78879525,6
Angscht,4b649bdc-2b4d-47d7-9add-8f0dd625a75f,6
Liloar,999b5a10-bac4-4827-a37a-051462ced289,6
The_Pat,f7528d07-9036-44cf-b488-fa39b0061a83,6
Freska,3db853be-eff5-475e-9a1c-c35831ba493d,3
ColorsASD,7d3f0a13-ace1-40ab-8328-404df97e6c32,6
MimacalMi,80dff497-5956-4d91-b71b-b88d0fc33872,3
stevejobge,9de37fc5-ddcf-4846-b39b-b57b5375df9f,6
Intoxication,622fdc82-3403-4f83-b7d3-dec9637edad6,3
Jiyem,6667361b-598e-4133-a2d5-3c2e955cd02e,6
killerhertz,ed2ccb65-2619-49e2-bbf5-a4ca24a34a36,6
tylahde,94ad0cc0-e52f-43ee-adb7-1fbc26216989,6
Afoolishsamurai,81f50e2c-239a-4947-a758-07683ba97ef4,6
cyanideflavor,96af83ac-0e77-49c1-a0c0-d12cefe7dc20,6
zorlig,6e789fc4-a4ac-42ed-839b-9d1d89e3ded8,6
SentencePL,45b3e004-f958-4936-ac88-3f2e36f8737c,6
RegencySolid,da1504c7-f562-4f68-ae15-fb0a7c9e3e9b,6
DrunkIrishPotato,f743cbca-8046-438b-b2eb-a848c51f05c8,6
Ironwolfx,3ae29a19-b210-46f3-ae97-a677f8a209e9,6
bowser2lux,e579e698-d08f-4a39-870d-6f30032d5cb0,6
kingofloewenfels,39aefd3f-911b-4617-b72b-e79850a635a2,6
EduBRs,53cbb2bc-526b-4156-b5ea-d0512895d345,6
Moshu,7cae0767-6538-4636-aaa0-d8bbcbd88660,6
NamVN,7cadba8d-ed5f-4885-a17c-41d076bc3492,6
KingCiC,26228fce-1d8b-4be9-8d42-c03102591352,6
korho,12b6c395-f016-46fa-8b8b-65a1a256b3f9,6
DjaroGamesYT,10114854-577c-44c4-a3f2-3d558de045bc,6
stijn309,ece73276-e388-450b-b007-2786d4a90525,6
Sigrid_,9be74459-4199-4334-8ea4-60233d27f529,6
fenno95,83e778f5-41f1-4652-819a-c2469420f83b,6
ShadowGrams,2cacac26-c195-474b-8d06-c4376b9f75fa,6
Le1_B,14b14bd2-afc2-4e7c-bc34-e53aa0fd1633,6
Hankin_Lee,b78fdccf-1a34-4684-8aab-b5e8c1fd4384,6
BeYondZer,0aee6e1a-33a2-4a0b-b4a6-14fbc7313838,6
Morzan_,ccc06048-f5e4-4c2e-8339-586e1b9c5771,6
AodX,c2d1ff28-9e0b-4848-b6b9-fa5209090680,6
Superfungus,56684cc2-5414-465b-bda1-f943d80a71c4,6
Bollero,0cd4629b-680b-4180-9898-247c7ecacaf5,6
Azrty,39d9ec79-7039-4f03-9078-ad79e84ff976,3
BettyB,edc85a95-cf10-4607-b8c3-44a331c3ce5f,3
AmeAmam,f162932e-2aab-4ef3-abaf-aa12b46cf241,6
PureElectronicz,30778949-05a2-40a3-920d-a767896e6657,6
Milenko353,73b94496-3fb9-4632-9373-a4d8b0522281,6
pizznarp,b72a1e7b-741e-4d20-9062-c810682f5372,6
AshtonMemer,1a08d1c2-a536-4418-92c8-d49b683b27d3,6
OGBird,f3b5268b-1e97-41ba-a8b7-a09bf5bf54c2,6
Spiky_DJ,721fbf6d-0489-4c88-be93-6b005789114c,6
Patronium_silver,d3cfdd26-55ef-4cb9-9e11-98a3bac42b0c,6
Youngklps_I,589a1318-c169-4465-a57a-8b0c82b0e625,6
4124b869-931b-43e9-861e-b0b057a412ef,,6
izoulove,c1fb5603-4523-4b09-a4c2-207d9214642d,6
nicecube,ed18b4f5-f547-4e00-a435-e302597d378a,6
Hades909,f8ced1f2-83cf-4525-94e9-7887a811143e,6
Desarpy,311ab269-cedd-42e1-a58c-3f3a8ffe3ba4,6
TreeCloudDuck,d689ae1e-6662-4b65-b3fe-83a7e684dd4c,3
MasterGreg,3efa6e3c-ab0c-4ebe-b578-5f8466221467,6
Captain43,1f26a1db-1b93-4a5e-ae67-ff4a4d29ac30,6
Allenchao,ddde74d1-d64a-464d-8e4a-6edcca086446,6
cute9410,3908152d-86d7-43df-ab13-78a0ed5fe5ff,6
TheRealM18,5e2fbfc2-7874-4081-854b-5fbf0d1cf46f,6
gatoo21,1dd5e04b-5775-4053-b763-4db62d7a8fbc,3
Nexlemav,3f1c7205-32b2-49b2-86d4-cdda9fe1b8fe,6
kirajaide007,745f0617-844e-4e39-a70b-80ca890e9125,6
Malaki444,89696aeb-6aab-4ac5-9d42-235101fccf7d,6
timo0302,f55e200d-524c-42a1-b190-91130c3bf83e,6
Otti007,6bfa310f-070d-4887-94cb-a92db53d7e88,6
ZeroForce,97d2dcd4-43c6-4142-ba86-88b10dedc1c4,6
Twisted_Liberty,12a1a5e3-3b51-4957-b85b-18b239550091,6
ShushHush,15a85a41-6876-4da9-beb4-edcd33f7fce5,6
World55123,a578f1f4-8dd6-41ab-a020-a897b4d79945,6
kevin20152,9775131b-171f-4fb6-82b2-8898827c78a5,6
Monika_Check,cdf92091-0353-4bdc-b9e7-4c8c19d038c2,3
mcpanglei,75480496-a446-418c-abf8-4b6a5d6a9ce1,6
Snoweezy,e3c37567-9ddf-456c-9b97-9f44979fdbad,6
Ashlouu,6665bba8-bbbf-4249-80a1-67c71c899714,6
RMWocW,56333f15-61d0-41f2-aa6f-992b3d530f41,6
ZaiZai_,75b42e6b-966f-40d9-8b8b-72daa3f1269d,6
AhsokaTato,ea122b9c-f9f7-414d-8382-6cfbf3089e28,6
Strainj1,36a1ae90-fee9-4036-bf0b-45ab65f1a9b1,6
ESC_Jack,f2beaca5-e2af-4b57-9a8f-ce510f62208c,6
Mine_Mark_4k,41a8c017-eba8-4b5a-8a55-54a97541d60e,6
Ashaki,3b0984a0-5da3-4401-9698-272df00fd8fb,6
SparkPitti,c9d65192-21a5-40d9-97b2-9fbfad8a6e58,6
oop23,c43ee9b8-0d0e-4a1d-bc1c-30c9af377721,3
Phoenix_6,c6d7040a-deeb-440f-8ec2-9aaa7c3b5a04,6
ixinme,bd48f87f-c5a2-4957-ad7b-b3360b808b78,6
Raphy123,6ca53cff-a257-4588-a9eb-d762b42154e0,6
THEivrogne99,5a82bea1-28a5-4759-a920-d66555915468,6
KoKoBerry,67a044a7-450e-4e6e-b518-599d7e5845b8,6
AgesofMC,693ef877-4b5a-4174-9a57-3c8adbba2447,6
HanziBurnz,3a965839-4acd-4bbf-98f2-58fe79a6d639,3
SBDeveloper,5e4723d7-3ea1-4fe5-a748-3cb53c35d96b,3
SirLemonade,69da55ac-d034-419e-a7ef-10422311118a,6
Calembour,dfdd5a6a-7de6-4012-a6c7-94bfda544ac5,6
Pukuu,99463e5d-57db-4fe3-b306-f2fe47b6adbc,6
SirVita,097cad46-6ac9-42fe-8f48-c711310f17bb,6
KayrokMagick,6ce499a6-12d9-4b67-b333-27ee953a724e,6
OptimusCake,110f9209-d16d-44b5-a505-cbd9616a3b5c,3
teaowl,7d66f8b9-b14f-4065-9251-579b88df8e3c,6
_mab,88516790-dbdc-482c-b1cf-988880c87094,6
Thorrus,0c2b1403-4ecf-42ed-99a5-89b7230ae24f,6
King_BardII,37d7689f-51cd-4955-ae8b-1968900b73e6,6
_PROMETEO_,44861e4b-4303-4563-9144-7b0f62098df7,6
cathompson0,4b021294-6c72-4ebd-afa3-51670f23a1d1,6
kooker_yang,fd63499b-78c7-4dcb-8094-11136cfb94bf,3
Merzhin,06992d0c-f480-4d08-8603-f297aeb0cc7f,6
Lollipop_Dc,64303a7b-2422-4153-bdfc-dcb99c3b0cf3,6
Yamiru,10d6598d-cf75-4310-8f23-2ec764d0fea4,6
Rirbe,b524b9b6-8dad-440f-8aa6-1e47b10b7bc4,6
InfiniteOnes,9650cad8-bd98-4570-92ad-642af631431a,3
Luna,b25a6e8e-3179-463c-b282-25e19d9d83d1,6
Lumi,857741eb-401f-4206-b4a6-d9ea534aca78,6
tw1x_,94890ef2-502d-4167-a5b4-3f7437926f2a,6
Steel,85099fcb-0680-494a-a13d-92351a6200a2,3
mestremouro,665eb1bf-112b-4b4d-b5ec-776b9cf9cdcf,3
Garfieldtt,17485060-a870-4327-bef5-f35f172a02c8,6
KleinesSimon,8ae721a8-1325-4e2d-b7f9-2fa547fe32d7,6
wklein1968,3ce73fce-79f3-4d45-8f47-e4a28e98c7c7,6
jbroy15,e5107761-1c56-4f45-a939-a4ec839967bd,6
AuGold197,f3dd7b0b-e362-40a2-81ec-42f8b55e215c,6
ExpiredBL,3d83a1f0-6fea-4728-9e31-7c1a4926ca2c,6
24Emergency,02deb710-ebe6-4967-bf18-5949dcebc849,6
hood3125,6896fd43-ee77-436d-adb3-723ed725f398,6
dawars33,705d91d0-0b3a-4b5b-88fb-20b99dc80047,3
Miku_Snow,4b8561e6-4f8a-4564-b063-69a5f1f3ea13,6
一只小虾,,6
I_Kirito_II,456cb564-618d-4910-8623-cd49dfe3abc8,6
Neotras,610ea30f-d3a9-4b89-9587-0f52fbeeabf5,6
gjunnila,6c5fe153-bf33-4504-ac37-70243a777d59,6
ujnamo,5a71a070-307b-446e-a358-f826ddcce0f3,6
iHcomo,9e014670-4cdb-4263-a609-62c4c9adb024,6
DaveTheCamper,31af8e09-2576-4d32-aa41-5fe95d16ad28,6
Mchzin,7039d777-c793-4910-95ee-d02d37f2afa4,6
Getblock,8569eeef-9476-45ed-a0a8-fcfdddebdd0b,6
liamcullinsmusic,ede102d4-b4ec-4a08-a347-2d5651748763,6
crazyJesusBro,35ac79df-8975-4a42-a0fe-63051d58cf8b,6
BettynkaB,5ce19e6c-7a7d-4bbb-b25a-7de7db5044e9,3
Tiger_Kai,dce6f15c-a448-4900-903e-863021ade29a,6
oO_ICE_Oo,78782e64-9f69-43bb-aab9-bb92b8a2a35e,6
TreyTEW,64b3cbef-f3e5-4271-b4c1-4f9b457b50ae,6
SmilingM,f5087f81-c20e-4f87-88cf-5be28e0c8a3b,6
istaqom,094e30ee-d8b8-4140-ab95-c55cd101d3f1,3
RainbowSpooky,d3790d64-44c5-4577-8821-49f1afdc33f6,6
nikoflare,c3e74ff5-4650-48c5-8bb2-b65a00040308,6
_Arg_,a00eb7bf-e784-4bed-971c-42e1188b4021,6
DarkSours,1b3068b9-657f-4eb0-a6ee-888523813188,6
iKoner,85812b77-230d-4bc5-8ed2-d6cba3f68c24,6
Laudia,23956103-edcd-4d88-8c62-5e95e4bd4eb2,6
CesarMC13,b882d064-4d61-4814-aedb-0e01d2f2367f,6
mercurialmusic,bfa787d5-633b-47b8-a669-2fdbdbecfe91,6
Fu_Meng,425bb44b-772d-468e-9e1a-2fbcce1a4332,6
Rhevel,9301c7f2-2c8a-4afa-86ce-47881279bf37,3
toradencom,3ec900f2-befb-4066-ac46-36a22688c73f,6
Crazy4Nuck,cd01a71e-effe-4149-a47c-6c7feb67c869,6
SIOUUL,73bb820e-0289-42f7-abd2-65efff0a1ba5,6
TheyCallMeToast,5e81518e-99d4-4020-8683-aa51159ad1ca,6
excavator5,8d928c22-a6c2-427b-ab86-7f698bb10f1c,6
Bork_Gamer,1178bf9d-210c-4978-97b3-c42b3ca8829d,6
FrostMoon_,3876ed90-9820-4e06-981a-8b585f97a3aa,6
rexmen,93a6b4f7-5d1a-4f8d-8d89-07f19edeaf88,6
ChitterChatter_,a8f50300-805b-4ab7-ad91-6a095a8ba9c4,6
Blavold,f49b4f6f-d3da-4387-a892-5061d3c48b2a,6
Opanna,af5004b3-317b-4000-82ef-9cb800c97f4c,6
Rafric,aeb49799-1dba-43f4-b647-cf2c211c0388,6
BolaxaGamer,e2fd1eed-94a9-4e7b-a4c2-b646309116c5,6
Fleugue,4d2a4885-062a-4ed0-834b-8e1985a53478,6
Superfloflo77,76e33f9d-2511-4772-b84f-b3e0f4916f25,6
Starhaze,34532a41-6489-4cca-838b-529265c78566,6
SpankShu,c47ff503-5c1c-4e5d-aa76-fd050b9ce222,6
8bitx,380489e3-69cf-4198-8968-283f8a2827c7,6
MrShack,af5d6cf2-a379-4433-8ccb-5fc5083c7f0b,6
Claygoddesssari,b05b6caf-16a6-4a30-b2e1-1034e625ef87,6
Sophie37,578eaf6c-4c29-4582-bdcd-4942a9189d38,6
HyperGaming19,4c42bc0d-4928-4d44-9247-7801f6382e79,6
BJBJ,c469f3d6-35cd-4bed-81c8-7c88630597e5,6
BJ_Daniel,d60f3473-6a12-47a2-9b82-cc715b0048db,6
taka_3232,0b2b5b56-ef6c-441d-abe4-bde32c11fdc2,3
glaziel,,6
sinating,dfb1715a-986a-4a3d-9edf-4688dcdb8119,6
BBF_Skrimor,36852582-019b-4984-90d8-d79cf094a65e,6
minephoenixlive,8ef9d1db-6632-441e-80c9-15bd2f890289,6
MircoTheGamer,2aa4567f-1865-4499-bc70-856787e63e88,6
Lucifer564,19750a59-c8c8-4d91-9983-205dc777f670,6
The_Paladin666,,6
Rymfader,6c22c1df-06d7-4336-bf6e-0d57bf2e10b5,6
Albert,cbf59e45-f6ab-4a5b-b49a-ba0205fe231a,6
Envade,9d13b0f1-4109-446e-ad14-1006ec6182b8,6
Draconios,490597bc-5ea7-47e5-a0ff-62fe4d864881,6
PacificMiner,e8f84052-521e-4031-b6c1-6e26c9da6bc0,6
FynTiK,692097a9-8ef5-481d-abff-a1b5b2033912,6
Loyisa,d229a76a-6d07-48b6-8374-98614ad0127c,6
Margele,60b8a28e-714c-43a7-a6cc-db24f4bda32d,6
patatje,a4dd5a15-6d29-4306-b7cc-824339986b44,3
Bryn1990,c9a74b62-4433-404e-a2c2-6de3eed4f390,6
BlackArcor,a4792119-ddba-4af3-9cbe-c6f9f0fdc4ea,6
Zzheyd,c0238c0f-3cd0-4f95-ac98-20a21f9fd393,6
Gorderok,44793e99-bdd1-4cbf-9af2-b82c8d9cfa5d,6
KnowWolf,ef80347e-c088-47d5-be03-f68ca59eae1f,6
MCMythos,542d9b13-ab54-405f-a38d-486b448ba68d,6
Schneidouille,c4a6863f-e92d-4bef-8f6d-ec3e39970a70,3
xkitox,4fcb09c8-3ca5-465d-abea-c0d03e98eec7,6
KnifeKat,4bdd58f2-b2e8-44dc-92a5-5c6f03683a8a,6
Agent109,b6705a43-053a-4636-a725-949e7b4547d0,6
Conman2344,0780f012-359a-41d6-aa63-4b6003aa2961,6
ZpixThaTurtle,61e9c55f-bf41-4848-9f3c-aafd65b9467d,6
Small_Pear,223e4aef-361c-4a73-8ea5-38df4b21d184,6
TheBlueRaven,d027272f-1be9-4439-9518-3dca95780308,6
SarahCat2002,a4c77e66-76a7-4b04-aa68-bc18e73121fc,6
SGalantis,8c44e8d6-a537-41cb-8ddd-84661c6f1ff7,6
Severu,36956ca3-53b3-42fd-bcdb-92bb1e51b179,6
Extazii,4ca80f4f-cbdc-4587-99bf-c55882ed428d,6
Karredas,bb5b556c-ce93-41e6-b304-6502d15e1ece,6
andris155,4ad91db2-c289-4381-b112-6118dae49d68,6
Netty21,bc20836e-e766-4601-ad44-a458886f76c1,6
Dinosaurs_,aae9495d-684d-4ae4-90f1-34de9186d606,6
Juto2k3,f8d81250-d929-4376-8ae3-14ede12c0c1a,6
Th3SkullR34p3r,ea416375-37d0-4344-b1ea-f6acb370d21b,6
TechToolBox,facb6ce6-338c-4bad-981d-e3b24b3453f6,6
雨中品香茶,,6
Lantiann,0e36e25b-b562-4bec-a954-ece12165ab0c,6
Moscuxd,194add25-f110-4482-aabf-cc727492ff59,3
ThorinEk,f4225243-7b0f-4a40-8468-5c2a65c0ed91,3
Killance,57340d89-f58e-434d-8fa6-f76ec26062ed,6
Ayunha,5077ac70-6994-4440-be46-396e2f75d0a9,6
Kami_Mikaho,c447a931-5860-475a-a471-0aee595a84dd,6
RumiExMachina,2f25a4de-d108-40c0-b43d-f3f55b883ffc,6
Evillunattis,7e34200e-56ed-4788-a2fb-2802bf017cad,6
El_Pika,7bbe455d-08ee-4d9e-a8ca-9b0317c7c7b9,6
mongiemntim,997d4d89-7837-44f1-b019-734fef4c2147,6
Roychu_Mc,a9c18b81-0708-4d20-9e5a-83db9c4031c3,6
zakrax,32c01ee5-b5d9-4fb9-819c-e1e6fec98e71,3
firestorm942,1ab77324-2b8f-490a-9a73-c4cc0282e5b8,3
OwenTV,b74bc600-82c6-4a40-afac-fb3148c067be,3
Schoggilolli,c75eac4d-ad33-43e3-b595-abd1c56e7e29,3
Colorines,07462336-1a0f-4964-bfb7-f21f029f45fa,6
TerribleDeath,248e508c-28de-4a8f-a284-2c73cf917d15,3
CptZ,2c42be1b-a54b-45aa-87ec-e2166ea3de31,3
Firestone82,cf0eead7-1a4b-471a-9385-5a0b4628c785,6
_OnlyAri_,24d12d7a-5f5e-46ca-adde-8c538444923a,6
mathcover,900b556d-c46a-45b9-b0e4-e70c34fa96bf,6
Yalessia,e4eba581-84b1-410a-bbca-e8eb87318233,3
IamSeverus,bea1fe28-a682-4c3f-ae67-038329ea7aba,3
BigLev,170188b0-d76e-45d8-a0c0-24b702ccfcc8,3
yossy_zip,385bfdb2-0a81-4f6f-be04-53d5f87d210b,3
_Guide_,2157c31d-de8f-4448-85ba-5f57c7f6792f,6
seldere1,1a357726-93a5-4cf7-8654-5272642665a9,6
CreepinFire,1722411e-d9c3-48cb-ad65-40744fd4bab9,6
FireballFilms,f3e862ac-c8e5-4427-84f2-f8d2902e322d,6
Purpurplex,2956ff31-9c65-4f4c-b7ee-055829e383d8,6
CivilAgain,b4665d0b-9e28-4b1a-8d9f-ad3e1e5b6cdf,6
ALL_ZERO,94dd4d21-6fed-4562-bafe-8bf178da945c,6
NelsonAI,bede8d66-0d9d-4f42-ac3e-8de159a070d3,6
doitliketyler,4a84f9f4-f091-45de-8aa4-a6c7d0c52d25,6
TinkerTinkz,06322d4b-b967-4ab5-9e8c-77bb1450e185,6
Toserr,68de944e-8a38-410e-bea3-e9f2a2721c66,3
TransLesbian,89894f16-3ff1-4bc2-a63b-ffd5463f9152,6
Zmg968,ade9d610-ec79-4402-90cd-e86772c24723,6
Tuglios,a91fd11c-629b-4abc-9e31-14f8ce51b89f,6
Nagi_Amano,59cd2179-7a70-4add-9345-7f0b4563d4c1,3
SN4CK_Designer,389b0225-f1d1-4bad-99ec-a3c70309b1fe,3
SrLucifer,7594c807-c2ec-4efd-a95b-8cefa5088000,6
LaotouY,b4d870c8-2296-4e55-9738-e147b7bb4b8a,3
ItzStonlex,846d305c-79f2-4fb7-9a69-866c9c744017,3
AccioAce,79384b72-b02d-4468-84f6-cd68e22b259e,6
MAR0DEUR,2cdbc588-f351-4356-bc3a-65d7153a9ae9,6
SuperTOST100,ac308ad8-812c-41f6-a0a1-5f057a853790,3
nekopara_noel,476dc55e-7eae-4f14-ba7b-dc707768f76f,6
Wirayuda5620,3f640a9c-b4e1-4035-8eab-606dc94955e6,3
fxpi,a5a5f274-cf07-4889-a2ca-2d35551492e2,3
TOWUK,d2787fd2-fa3c-41e3-9d10-41739e52dbb9,3
Edulynch,cb3eb7c8-362b-4337-b69c-2110d61719d2,3
iWealy,03fbff03-33fb-4ee1-b4b0-6f87ae3b6d31,3
Pinguim24,3eeff556-cf68-443a-acb6-96496d1f32bb,6
DerpCakeS2,10df29a3-8bec-4b39-8c06-15079b08a7a6,6
Incisi,7ebfb626-dfa2-447b-85c8-a2bcf5bf3ad9,3
EnableAll,6ffd4cb9-71d1-4210-8404-b541b0eec3cf,3
NordHol,bf338df2-c580-410c-ba48-357fd28d0f42,6
ilMito_exe,ec9140bd-1cc5-49e1-b140-c0fa7e7181f5,3
LascheSz,bdf6a797-7765-4abd-8764-3fe6230c525e,3
Dani101Dani,64b3f8ca-a701-4bd5-93d3-af4c12715eb8,3
MyNemesus,8c5a656b-45f8-46c0-b2bf-82cfbc0a88b4,6
Dovkin,b4413dce-f0a3-4d5d-9e1e-8c128585ca10,6
Piau_,fd1a5dbf-f1ce-47ef-a790-558e48d1fa34,3
Nailm,174eb4a8-20d1-4838-ab07-877cd1d68c14,6
BredyAK,8ff28c9c-6f99-481c-963b-23365c7dc7d7,6
Dracnoian,0bcae379-bcbd-435a-bdac-da0799b0d7fd,6
KilledCatharsis,b555367d-0050-4e68-a265-6c4d82359583,6
